{
	"credit": "Made with Blockbench, a free, modern block model editor by JannisX11",
	"textures": {
		"0": "block/oak_trapdoor",
		"particle": "block/oak_trapdoor"
	},
	"elements": [
		{
			"name": "cube",
			"from": [0, 0, 13],
			"to": [16, 16, 16],
			"faces": {
				"north": {"uv": [0, 16, 16, 0], "texture": "#0"},
				"east": {
					"uv": [0, 16, 16, 14],
					"texture": "#0",
					"rotation": 90,
					"cullface": "east"
				},
				"south": {
					"uv": [0, 16, 16, 0],
					"texture": "#0",
					"cullface": "south"
				},
				"west": {
					"uv": [0, 14, 16, 16],
					"texture": "#0",
					"rotation": 90,
					"cullface": "west"
				},
				"up": {
					"uv": [0, 16, 16, 14],
					"texture": "#0",
					"cullface": "up"
				},
				"down": {
					"uv": [0, 14, 16, 16],
					"texture": "#0",
					"cullface": "down"
				}
			}
		}
	]
}