{
	"credit": "Made with Blockbench, a free, modern block model editor by JannisX11",
	"textures": {"1": "block/oak_trapdoor"},
	"elements": [
		{
			"name": "cube",
			"from": [0, 13, 0],
			"to": [16, 16, 16],
			"faces": {
				"north": {
					"uv": [0, 14, 16, 16],
					"texture": "#1",
					"cullface": "north"
				},
				"east": {
					"uv": [0, 14, 16, 16],
					"texture": "#1",
					"cullface": "east"
				},
				"south": {
					"uv": [0, 14, 16, 16],
					"texture": "#1",
					"cullface": "south"
				},
				"west": {
					"uv": [0, 14, 16, 16],
					"texture": "#1",
					"cullface": "west"
				},
				"up": {
					"uv": [0, 16, 16, 0],
					"texture": "#1",
					"cullface": "up"
				},
				"down": {"uv": [0, 0, 16, 16], "texture": "#1"}
			}
		}
	]
}