{
    "variants": {
        "axis=y":  [ { "model": "block/dark_oak_log", "weight":20 },
					 { "model": "block/dark_oak_log_2" },
					 { "model": "block/dark_oak_log_3" } ],
        "axis=z":  [ { "model": "block/dark_oak_log", "x": 90, "weight":20 },
					 { "model": "block/dark_oak_log_2", "x": 90 },
					 { "model": "block/dark_oak_log_3", "x": 90 } ],
        "axis=x":  [ { "model": "block/dark_oak_log", "x": 90, "y": 90, "weight":20 },
					 { "model": "block/dark_oak_log_2", "x": 90, "y": 90 },
					 { "model": "block/dark_oak_log_3", "x": 90, "y": 90 } ]
    }
}
