{
	"credit": "Made with Blockbench",
	"parent": "block/block",
	"texture_size": [32, 32],
	"textures": {
		"0": "block/jukebox_side",
		"1": "block/jukebox_top",
		"3": "block/jukebox_disc",
		"4": "block/jukebox_bottom",
		"5": "block/jukebox_front",
		"particle": "block/jukebox_side"
	},
	"elements": [
		{
			"name": "table",
			"from": [0, 0, 0],
			"to": [16, 16, 16],
			"faces": {
				"north": {"uv": [0, 0, 16, 16], "texture": "#5"},
				"east": {"uv": [0, 0, 16, 16], "texture": "#0"},
				"south": {"uv": [0, 0, 16, 16], "texture": "#0"},
				"west": {"uv": [0, 0, 16, 16], "texture": "#0"},
				"up": {"uv": [0, 0, 16, 16], "texture": "#1"},
				"down": {"uv": [0, 0, 16, 16], "texture": "#4"}
			}
		},
		{
			"name": "table_depth",
			"from": [-0.5, 8.75, -0.5],
			"to": [16.5, 11.25, 16.5],
			"rotation": {"angle": 0, "axis": "y", "origin": [8, 10.25, 8]},
			"faces": {
				"north": {"uv": [0, 5, 16, 6.5], "texture": "#5"},
				"east": {"uv": [0, 5, 16, 6.5], "texture": "#0"},
				"south": {"uv": [0, 5, 16, 6.5], "texture": "#0"},
				"west": {"uv": [0, 5, 16, 6.5], "texture": "#0"},
				"up": {"uv": [0, 0, 16, 16], "texture": "#4"},
				"down": {"uv": [0, 0, 16, 16], "texture": "#4"}
			}
		},
		{
			"name": "disc",
			"from": [2, 17.25, 2.5],
			"to": [14, 18.25, 14.5],
			"rotation": {"angle": -22.5, "axis": "x", "origin": [8, 16, 8]},
			"faces": {
				"north": {"uv": [6, 0, 12, 0.5], "texture": "#3"},
				"east": {"uv": [6, 0, 12, 0.5], "texture": "#3"},
				"south": {"uv": [6, 0, 12, 0.5], "texture": "#3"},
				"west": {"uv": [6, 0, 12, 0.5], "texture": "#3"},
				"up": {"uv": [0, 0.5, 6, 6.5], "rotation": 180, "texture": "#3"},
				"down": {"uv": [6, 0.5, 12, 6.5], "rotation": 180, "texture": "#3"}
			}
		},
		{
			"name": "stilt1",
			"from": [2.5, 13.75, 11.5],
			"to": [2.5, 19.75, 13],
			"faces": {
				"north": {"uv": [0, 0, 0, 6], "texture": "#missing"},
				"east": {"uv": [0, 13, 0.75, 16], "texture": "#3"},
				"south": {"uv": [0, 0, 0, 6], "texture": "#missing"},
				"west": {"uv": [0, 13, 0.75, 16], "texture": "#3"},
				"up": {"uv": [0, 0, 0, 1.5], "texture": "#missing"},
				"down": {"uv": [0, 0, 0, 1.5], "texture": "#missing"}
			}
		},
		{
			"name": "stilt2",
			"from": [13.5, 13.75, 11.5],
			"to": [13.5, 19.75, 13],
			"faces": {
				"north": {"uv": [0, 0, 0, 6], "texture": "#missing"},
				"east": {"uv": [0, 13, 0.75, 16], "texture": "#3"},
				"south": {"uv": [0, 0, 0, 6], "texture": "#missing"},
				"west": {"uv": [0, 13, 0.75, 16], "texture": "#3"},
				"up": {"uv": [0, 0, 0, 1.5], "texture": "#missing"},
				"down": {"uv": [0, 0, 0, 1.5], "texture": "#missing"}
			}
		},
		{
			"name": "crank1",
			"from": [-3.5, 12.75, 7.25],
			"to": [0.5, 14.25, 8.75],
			"rotation": {"angle": -22.5, "axis": "x", "origin": [0, 13.5, 8]},
			"faces": {
				"north": {"uv": [14.5, 4.5, 15.25, 6.5], "rotation": 90, "texture": "#3"},
				"east": {"uv": [13.75, 3.75, 14.5, 4.5], "rotation": 180, "texture": "#3"},
				"south": {"uv": [13, 4.5, 13.75, 6.5], "rotation": 270, "texture": "#3"},
				"west": {"uv": [14.5, 3.75, 15.25, 4.5], "texture": "#3"},
				"up": {"uv": [13.75, 4.5, 14.5, 6.5], "rotation": 270, "texture": "#3"},
				"down": {"uv": [15.25, 4.5, 16, 6.5], "rotation": 270, "texture": "#3"}
			}
		},
		{
			"name": "crank3",
			"from": [-6, 12.75, 9.75],
			"to": [-3, 14.25, 11.25],
			"rotation": {"angle": -22.5, "axis": "x", "origin": [0, 13.5, 8]},
			"faces": {
				"north": {"uv": [14.5, 2.25, 15.25, 3.75], "rotation": 90, "texture": "#3"},
				"east": {"uv": [14.5, 1.5, 15.25, 2.25], "rotation": 180, "texture": "#3"},
				"south": {"uv": [13, 2.25, 13.75, 3.75], "rotation": 270, "texture": "#3"},
				"west": {"uv": [13.75, 1.5, 14.5, 2.25], "texture": "#3"},
				"up": {"uv": [13.75, 2.25, 14.5, 3.75], "rotation": 270, "texture": "#3"},
				"down": {"uv": [15.25, 2.25, 16, 3.75], "rotation": 270, "texture": "#3"}
			}
		},
		{
			"name": "crank2",
			"from": [-3.6, 12.65, 7.15],
			"to": [-1.9, 14.35, 11.35],
			"rotation": {"angle": -22.5, "axis": "x", "origin": [0, 13.5, 8]},
			"faces": {
				"north": {"uv": [13.75, 3.75, 14.5, 4.5], "rotation": 180, "texture": "#3"},
				"east": {"uv": [13, 4.5, 13.75, 6.5], "rotation": 270, "texture": "#3"},
				"south": {"uv": [14.5, 3.75, 15.25, 4.5], "texture": "#3"},
				"west": {"uv": [14.5, 4.5, 15.25, 6.5], "rotation": 90, "texture": "#3"},
				"up": {"uv": [13.75, 4.5, 14.5, 6.5], "rotation": 180, "texture": "#3"},
				"down": {"uv": [15.25, 4.5, 16, 6.5], "texture": "#3"}
			}
		}
	],
	"groups": [0, 1,
		{
			"name": "disc",
			"origin": [8, 8, 8],
			"children": [2, 3, 4]
		},
		{
			"name": "crank",
			"origin": [8, 8, 8],
			"children": [5, 6, 7]
		},
		{
			"name": "horn",
			"origin": [8, 8, 8],
			"children": []
		}
	]
}