{
	"credit": "Made with Blockbench",
	"parent": "block/block",
	"textures": {
		"1": "block/observer_front",
		"2": "block/observer_limbset",
		"3": "block/observer_top",
		"4": "block/observer_side",
		"5": "block/observer_back",
		"6": "block/observer_bottom",
		"particle": "block/observer_side"
	},
	"elements": [
		{
			"name": "body",
			"from": [0, 0, 0],
			"to": [16, 16, 16],
			"faces": {
				"north": {"uv": [0, 0, 16, 16], "texture": "#1"},
				"east": {"uv": [0, 0, 16, 16], "texture": "#4"},
				"south": {"uv": [0, 0, 16, 16], "texture": "#5"},
				"west": {"uv": [0, 0, 16, 16], "texture": "#4"},
				"up": {"uv": [0, 0, 16, 16], "texture": "#3"},
				"down": {"uv": [0, 0, 16, 16], "texture": "#6"}
			}
		},
		{
			"name": "right_arm",
			"from": [16, 0, 7],
			"to": [18, 4, 9],
			"rotation": {"angle": 0, "axis": "y", "origin": [24, 8, 15]},
			"faces": {
				"north": {"uv": [0.889, 1.333, 1.777, 3.11], "texture": "#2"},
				"east": {"uv": [0, 1.333, 0.889, 3.11], "texture": "#2"},
				"south": {"uv": [2.666, 1.333, 3.555, 3.11], "texture": "#2"},
				"west": {"uv": [1.778, 1.333, 2.666, 3.11], "texture": "#2"},
				"up": {"uv": [0.889, 0.444, 1.777, 1.332], "texture": "#2"},
				"down": {"uv": [1.778, 0.444, 2.666, 1.332], "texture": "#2"}
			}
		},
		{
			"name": "left_arm",
			"from": [-2, 0, 7],
			"to": [0, 4, 9],
			"rotation": {"angle": 0, "axis": "y", "origin": [6, 8, 15]},
			"faces": {
				"north": {"uv": [0.889, 1.333, 1.777, 3.11], "texture": "#2"},
				"east": {"uv": [0, 1.333, 0.889, 3.11], "texture": "#2"},
				"south": {"uv": [2.666, 1.333, 3.555, 3.11], "texture": "#2"},
				"west": {"uv": [1.778, 1.333, 2.666, 3.11], "texture": "#2"},
				"up": {"uv": [0.889, 0.444, 1.777, 1.332], "texture": "#2"},
				"down": {"uv": [1.778, 0.444, 2.666, 1.332], "texture": "#2"}
			}
		},
		{
			"name": "right_arm2",
			"from": [16, 0, 4],
			"to": [18, 2, 7],
			"rotation": {"angle": 0, "axis": "y", "origin": [24, 8, 12]},
			"faces": {
				"north": {"uv": [4.889, 2.222, 5.777, 3.11], "texture": "#2"},
				"east": {"uv": [3.556, 2.222, 4.888, 3.11], "texture": "#2"},
				"south": {"uv": [0, 0, 2, 2], "texture": "#missing"},
				"west": {"uv": [5.778, 2.222, 7.11, 3.11], "texture": "#2"},
				"up": {"uv": [4.889, 0.889, 5.777, 2.221], "texture": "#2"},
				"down": {"uv": [5.778, 0.889, 6.666, 2.221], "texture": "#2"}
			}
		},
		{
			"name": "left_arm2",
			"from": [-2, 0, 4],
			"to": [0, 2, 7],
			"rotation": {"angle": 0, "axis": "y", "origin": [6, 8, 12]},
			"faces": {
				"north": {"uv": [4.889, 2.222, 5.777, 3.11], "texture": "#2"},
				"east": {"uv": [3.556, 2.222, 4.888, 3.11], "texture": "#2"},
				"south": {"uv": [0, 0, 2, 2], "texture": "#missing"},
				"west": {"uv": [5.778, 2.222, 7.11, 3.11], "texture": "#2"},
				"up": {"uv": [4.889, 0.889, 5.777, 2.221], "texture": "#2"},
				"down": {"uv": [5.778, 0.889, 6.666, 2.221], "texture": "#2"}
			}
		},
		{
			"name": "right_leg",
			"from": [12, 0, -5],
			"to": [14, 2, 0],
			"rotation": {"angle": 0, "axis": "y", "origin": [20, 8, 3]},
			"faces": {
				"north": {"uv": [10.222, 2.222, 11.11, 3.11], "texture": "#2"},
				"east": {"uv": [8, 2.222, 10.222, 3.109], "texture": "#2"},
				"south": {"uv": [13.556, 2.222, 14.444, 3.11], "texture": "#2"},
				"west": {"uv": [11.111, 2.222, 13.333, 3.11], "texture": "#2"},
				"up": {"uv": [10.222, 0, 11.11, 2.222], "texture": "#2"},
				"down": {"uv": [11.111, 0, 12, 2.222], "texture": "#2"}
			}
		},
		{
			"name": "left_leg",
			"from": [2, 0, -5],
			"to": [4, 2, 0],
			"rotation": {"angle": 0, "axis": "y", "origin": [10, 8, 3]},
			"faces": {
				"north": {"uv": [10.222, 2.222, 11.11, 3.11], "texture": "#2"},
				"east": {"uv": [8, 2.222, 10.222, 3.109], "texture": "#2"},
				"south": {"uv": [13.556, 2.222, 14.444, 3.11], "texture": "#2"},
				"west": {"uv": [11.111, 2.222, 13.333, 3.11], "texture": "#2"},
				"up": {"uv": [10.222, 0, 11.11, 2.222], "texture": "#2"},
				"down": {"uv": [11.111, 0, 12, 2.222], "texture": "#2"}
			}
		}
	],
	"groups": [0,
		{
			"name": "arm",
			"origin": [8, 8, 8],
			"children": [1, 2, 3, 4]
		},
		{
			"name": "leg",
			"origin": [8, 8, 8],
			"children": [5, 6]
		}
	]
}